luck|sign|explain|description
1|前路多荆棘，行事需谨慎，耐心待时机，方能破困境|此签暗示当下困境重重，行事阻碍诸多。虽前路坎坷，但切不可急躁冒进。需以耐心与沉稳应对，默默积蓄力量，等待时机成熟，方能突破困境，切忌因一时不顺而自乱阵脚。|今日运势低迷，做事仿佛总被无形的阻碍牵绊，计划频频被打乱。工作中可能会遇到难缠的客户或棘手的项目，学习上也容易注意力涣散，效率低下。财运不佳，可能会有意外的小额支出，比如突然损坏的物品需要维修更换。人际关系方面，容易因一些小事产生摩擦。建议保持平和心态，遇到问题多思考解决方案，从这些小挫折中汲取经验，后续才能更好地应对。
1|心绪易烦忧，处事多生乱，静心修己身，祥和自然来|签意表明当前受负面情绪影响，致使生活诸事不顺。越是此时，越要学会调整心态，避免因情绪波动而做出错误判断。通过自我调节，让内心平静，方能化解矛盾，使生活重回正轨。|今天心情容易陷入低落，感觉诸事不顺，这种消极情绪可能还会影响到身边的人。在与家人、朋友或同事相处时，哪怕是无心之语，也可能引发矛盾。健康上，身体容易感到疲惫，甚至可能出现小感冒等不适症状。出行也可能不太顺利，像是遭遇交通堵塞，耽误行程。在与人沟通交流时，还容易误解对方的意思，导致不必要的误会。务必耐心处理各类事务，多给自己一些积极的心理暗示。​
1|事务多纷扰，行事莫慌张，细心理头绪，稳步向前方|此签意味着当下事务繁杂，容易让人陷入慌乱。但需谨记，越是忙碌，越要保持清醒头脑。仔细梳理各项事务，制定合理计划，有条不紊地推进，方能逐步解决问题，走出困境。|今日整体运势欠佳，工作学习进度缓慢，各种难题一个接着一个，让人有些应接不暇。在工作中，可能会因为一些细节问题被领导批评，学习上也可能对新知识难以理解吸收。财运方面更是要谨慎，投资很可能会亏损，日常消费也要理性，避免冲动购物造成不必要的开支。生活中还可能丢三落四，重要文件、钥匙等物品容易找不到。保持冷静，按部就班地解决问题才是关键。​
1|状态难投入，行事多疏漏，养精蓄锐后，再展新身手|签文提示当前身心状态不佳，影响工作学习效率。此时不应强行坚持，而应适当休息，调整状态。待精力恢复、身心俱佳时，再全力投入，方能取得更好的成果。|今天的运势不太乐观，无论是工作还是学习，都难以进入状态，效率远远低于平时。工作中可能会频繁出现小失误，影响整体进度；学习上则会感觉知识点晦涩难懂。财运不佳，可能会有一些突发的费用支出，比如水电费超支等。健康方面，要留意身体的疲劳信号，避免过度劳累导致免疫力下降，引发感冒等疾病。与他人相处时，注意说话方式，以免引发矛盾。​
1|前行遇阻碍，行事需三思，冷静寻对策，方可解困局|此签显示当前做事阻力较大，需谨慎行事。面对问题，不可盲目行动，要冷静分析，寻找解决之道。在处理人际关系和生活事务时，多一些理性思考，方能化解危机，走出困境。|今日运势较差，做事容易遇到阻碍，计划难以顺利推进。在工作场合，可能会遇到同事不配合，导致项目进度停滞；学习过程中，也可能被难题困扰，迟迟找不到解决办法。财运不理想，可能会在购物时冲动消费，事后又后悔不已。感情上，与伴侣容易因为生活琐事争吵，单身者也很难遇到心动的人。出行时要注意交通安全，避免发生剐蹭等意外。​
2|曙光渐显现，前路亦有难，乐观勇向前，收获自会来|签意预示运势已现好转迹象，但仍有挑战。此时应保持乐观积极的心态，勇敢面对困难。每一次坚持和努力，都将带来新的收获，只要不放弃，未来定能收获更多惊喜。|运势开始稍有起色，虽然前行路上仍有困难，但只要保持积极乐观的心态，就能慢慢克服。工作上，之前一直困扰你的难题或许会有新的思路，按部就班地推进，有望取得不错的进展。人际关系方面，会缓和不少，能结识到一些志同道合的新朋友，拓展自己的社交圈子。财运上，会有小惊喜，比如收到之前购买商品的退款，或是朋友赠送的小礼物。身体状况也趋于稳定，之前的小毛病逐渐好转。​
2|运势渐向好，诸事皆顺遂，把握好时机，幸福常相伴|此签表明当下运势正朝着好的方向发展，各方面都较为顺利。应抓住这一有利时机，积极进取，无论是工作学习还是生活情感，都将收获满满。保持积极心态，幸福便会常伴左右。|今日运势有所好转，生活不再像之前那样充满阴霾。在工作中，会逐渐找到方向，领导分配的任务能够更高效地完成；学习上，理解能力变强，能举一反三，学习效率显著提升。人际关系方面，与家人、朋友的关系更加融洽，还能在社交活动中邂逅潜在的缘分。财运有小幅度提升，可能会收到意外的红包。出行较为顺利，不仅能按时到达目的地，途中或许还能欣赏到美丽的风景，收获意外小惊喜。​
2|局势渐明朗，好运正来临，积极迎机遇，生活更精彩|签文提示当前局势逐渐清晰，好运悄然降临。应积极主动地迎接各种机遇，勇于尝试新事物。在人际交往和生活体验中，保持开放心态，便能让生活变得更加丰富多彩。|今天运势慢慢向好，之前停滞不前的工作或学习，如今开始有了新的进展。工作上，团队协作更加顺畅，和同事之间的沟通也变得高效；学习中，对复杂知识的理解更加透彻。人际关系逐渐缓和，与许久未联系的朋友重新取得联系，感情升温。财运方面，会有一些小财运降临，比如购买彩票中个小奖。和伴侣的相处更加甜蜜，单身者也有机会参加有趣的社交活动，增加脱单几率。​
2|运势向上行，困难亦有解，善用身边力，顺利达彼岸|此签寓意运势呈上升态势，即使面临困难也有解决之法。要学会借助身边的资源和力量，与他人互帮互助。通过合理运用各方助力，便能顺利克服困难，达成目标。|运势呈现上升趋势，虽然困难仍在，但已经有了应对的方法。工作中，能够更好地发挥自己的优势，完成一些具有挑战性的任务；学习上，记忆力和专注力都有所增强。人际关系变得和谐，能从朋友那里得到实用的建议和帮助。财运小佳，会有一些意外的小收入，如退款、返利等。身体状况稳定，之前的不适完全消失。出行时心情愉悦，可能会在途中遇到有趣的人，发生一些好玩的事情。​
2|生活步正轨，诸事皆安稳，用心经营之，幸福永相随|签意表示当下生活已步入正轨，各方面趋于稳定。此时需用心经营生活中的每一个细节，无论是工作、学习还是人际关系。只要保持用心和努力，幸福就会一直相伴。|今日运势逐渐变好，生活中的各个方面都开始步入正轨。工作上，能够制定出合理的计划，有条不紊地完成各项任务；学习中，掌握了更有效的学习方法，成绩提升明显。人际关系更加融洽，与家人朋友的互动增多，感情更加深厚。财运有小收获，可能会收到之前兼职的报酬。和伴侣之间的感情更加稳固，单身者也有机会在社交场合展现自己的魅力，吸引到心仪的对象。​
3|诸事皆顺遂，好运常相伴，积极展风采，收获满行囊|此签意味着当前运势极佳，做事一帆风顺。应充分把握这一良好态势，积极展现自己的才能和魅力。在工作、生活和感情中，主动出击，便能收获丰富的成果，让好运持续相伴。|今日做事颇为顺利，工作学习效率大幅提升，能够高质量、高效率地完成任务，成果显著，很容易收获他人的认可与赞扬。财运表现良好，正财收入稳定，还有可能获得一笔意外之财，如奖金、抽奖中奖等。爱情方面，与伴侣相处甜蜜，会有更多美好时光，可以一起计划一次浪漫的约会；单身者也有较大机会遇到心仪的人。人际关系和谐，朋友之间互帮互助，还能从他人那里获得许多有用的建议，助力自己成长。​
3|机遇眼前现，才华尽施展，谨慎对财运，幸福永相连|签文提示当前面临诸多机遇，应充分发挥自身才华。在财运方面，虽有收益，但需谨慎对待，避免因盲目投资而造成损失。在感情和生活中，用心经营，便能收获长久的幸福。|今日运势良好，无论是工作还是学习，都能得心应手。在工作中，会有晋升的机会或者参与新项目的启动，好好把握，充分展现自己的能力，有望在事业上更上一层楼。财运不错，投资方面会有一定的收益，但也要注意风险。感情上，和伴侣感情甜蜜，彼此之间的理解和信任不断加深；单身者在社交活动中，有很大几率遇到让自己心动的人。健康状态良好，充满活力，可以适当进行一些运动，保持良好的身体状态。​
3|努力有回报，好运随身绕，珍惜好时光，幸福怀中抱|此签表明当前的努力已获得回报，好运常伴左右。应珍惜当下的美好时光，在各个方面继续保持积极向上的态度。用心感受生活中的点滴幸福，便能让这份美好长久延续。|今天运势顺遂，工作学习成果显著，能够凭借自己的努力和才华，出色地完成各项任务，赢得领导和老师的肯定。财运较为可观，除了稳定的收入，还可能在投资理财方面获得不错的回报。爱情甜蜜浪漫，与伴侣相处和谐，会共同经历许多美好的瞬间；单身者也会有一些桃花运势，有机会结识到优秀的异性。人际关系和谐融洽，能够和朋友、同事友好相处，大家互相支持，共同进步。出行体验极佳，能够欣赏到美丽的风景，留下难忘的回忆。​
3|才华得施展，成绩亦斐然，把握好财运，生活比蜜甜|签意表示当前才华得以充分展现，各方面成绩优异。在财运方面，要合理规划，充分利用额外收入。在感情和生活中，保持积极乐观的心态，便能让生活充满甜蜜与幸福。|今日运势颇佳，工作学习上都能取得令人满意的成绩。在工作中，能够提出新颖的想法和方案，得到团队的认可；学习上，对知识的掌握更加牢固，考试成绩优异。财运良好，会有一些额外的收入来源，如兼职所得。感情方面，与伴侣的关系更加亲密，会一起规划未来；单身者在社交场合中魅力四射，容易吸引到他人的关注。健康状态良好，充满朝气，可以多参加户外活动，享受生活的乐趣。​
3|潜力尽释放，机遇握手中，珍惜身边人，幸福在心中|此签寓意当前个人潜力得到充分发挥，且机遇众多。应紧紧抓住这些机会，努力提升自己。同时，要珍惜身边的亲朋好友，用心维护人际关系，便能收获内心的幸福与满足。|今天运势不错，做事顺利，在工作学习中能够充分发挥自己的潜力，取得优异的成果。事业上，有机会接触到更高级别的项目，提升自己的能力；学习上，能够快速掌握新知识，学习效率远超以往。财运稳定且有小幅度增长，投资的项目开始有了收益。爱情甜蜜，与伴侣相处愉快，会一起创造许多浪漫的回忆；单身者也有机会在朋友的介绍下，认识到合适的人。人际关系良好，朋友众多，遇到困难时总能得到他人的帮助。​
4|幸运如潮至，机遇满眼前，果敢去争取，辉煌在明天|签文预示当下幸运无比，机遇众多。此时应果断行动，勇敢追求自己的目标。在工作、财运和感情方面，积极主动地争取，便能创造辉煌的未来，收获满满的成功与幸福。|运势大好，今日仿佛被幸运女神眷顾，做任何事情都顺风顺水，各种机会主动找上门来，一定要果断把握，不要错过。工作上，会取得重大突破，业绩突出，很可能会得到领导的高度赞扬和丰厚奖励，甚至有晋升的机会。财运亨通，投资获利丰厚，还可能发现新的赚钱途径，收入大幅增加。爱情浪漫甜蜜，与伴侣感情迅速升温，单身者则会迎来热烈的追求，开启一段甜蜜的恋情。人际关系如鱼得水，结识到的重要人物将对未来发展有极大助力。​
4|机遇处处有，惊喜不间断，把握转折点，未来更灿烂|此签表明当前生活充满机遇和惊喜，正处于重要的转折时刻。应敏锐地抓住这些机会，勇敢迎接挑战。在各个领域积极进取，便能为未来的发展奠定坚实基础，走向更加灿烂的明天。|今日运势极佳，无论工作、学习还是生活，都充满了机遇与惊喜。事业上，会迎来重要的转折点，成功攻克一直以来的难题，在行业内崭露头角。财运一路飙升，投资的股票、基金等大幅上涨，还会有意外的收入进账。爱情方面，与伴侣相处十分融洽，感情更加深厚；单身者会在社交活动中邂逅命中注定的那个人，开启浪漫之旅。人际关系广泛且优质，结识到各界精英，为未来的发展打下坚实基础。​
4|万事皆如意，好运永相随，才华展风采，幸福永相依|签意表示当前运势完美，一切顺利。应充分发挥自己的才华，在各个领域展现风采。珍惜这份好运，用心经营生活和感情，便能让幸福永远相伴，享受美好的人生。|运势堪称完美，今日所行之事皆能成功，各种好消息不断传来。工作上，能够出色地完成高难度任务，得到公司高层的赏识，有望获得更多的资源和机会；学习上，进步飞速，考试成绩名列前茅，掌握了高效的学习方法。财运旺盛，不仅正财稳定，偏财也十分给力，投资收益可观。爱情甜蜜浪漫，与爱人的感情坚如磐石；单身者魅力大增，吸引众多异性的目光。出行一路通畅，还会遇到贵人相助，解决旅途中的问题。​
4|幸运已开启，前景无限好，努力创辉煌，幸福来围绕|此签寓意当前已开启幸运之旅，未来前景广阔。应抓住这一有利时机，努力拼搏，充分发挥自己的能力。在事业、财运和感情等方面积极进取，便能创造辉煌成就，让幸福时刻围绕身边。|今日运势超强，仿佛开启了幸运模式，一切都朝着好的方向发展。在事业上，会有重大项目落地，自己的才能得到充分发挥，成为团队中的核心人物。财运亨通，投资理财收获满满，还可能会有一笔意外之财。爱情浪漫至极，与伴侣的感情持续升温，计划着一起去旅行；单身者会遇到心仪的对象，展开一段甜蜜的恋爱。人际关系良好，结识到的朋友都能在关键时刻给予帮助，助力自己实现目标。​
4|顺遂伴左右，收获满心头，携手共奋进，未来更锦绣|签文提示当前运势极佳，生活顺遂，收获丰富。应与身边的人携手并肩，共同努力奋斗。在工作、学习和生活中，保持团结协作的精神，便能创造更加美好的未来，迎接锦绣前程。|运势大好，今日诸事顺遂，无论是工作、学习还是生活，都能轻松应对，收获颇丰。工作上，会获得重要的晋升机会，负责更重要的项目；学习上，对知识的理解和运用达到新的高度。财运极佳，投资回报率极高，财富快速积累。爱情甜蜜，与伴侣相互理解、相互支持，感情越来越好；单身者在社交活动中会遇到理想的另一半。人际关系和谐，与朋友、同事相处融洽，大家携手共进，共创美好未来。
5|好运如魔法，愿望皆成真，辉煌事业成，幸福伴终身|此签预示当前运气超凡，如同拥有神奇魔法，能够心想事成。在事业上，应充分发挥自身实力，追求卓越成就。在感情和生活中，珍惜这份幸运，用心经营，便能收获终身的幸福与美满。|今日运气绝佳，仿佛拥有了神奇的魔法，心想事成，所有的愿望都有可能实现，好运连连不断。工作上，能够凭借自己的实力和智慧，轻松解决各种难题，成为行业内的佼佼者，获得无数的荣誉和奖励。财运更是滚滚而来，投资大赚一笔，还会有意外之财入账，实现财务自由不再是梦想。爱情美满幸福，与爱人的感情更进一步，计划步入婚姻的殿堂；单身者会遇到命中注定的那个人，开启幸福的人生旅程。​
5|鸿运当空照，诸事皆顺遂，奋力向前行，荣耀伴一生|签意表明当下正处于鸿运当头的时刻，无论做任何事情都能一帆风顺。此时应鼓足干劲，勇往直前，在追求目标的道路上不断奋进，如此便能收获荣耀，让成功与幸福陪伴一生。|今日运势爆棚，在各个方面都表现得极为出色，成为众人瞩目的焦点。事业上，达到了巅峰状态，晋升、加薪、荣誉纷纷而至，带领团队创造一个又一个奇迹。财运势不可挡，投资的项目都获得了丰厚的回报，财富积累达到了新的高度。爱情甜蜜浪漫，与伴侣的感情深厚无比，共同享受生活的美好；单身者魅力四射，吸引众多优秀异性的追求，开启浪漫的爱情篇章。​
5|吉运随身绕，机遇握手中，全力去拼搏，成功在手中|此签寓意好运时刻围绕在身边，并且机遇众多。应当牢牢抓住这些机会，全力以赴地去拼搏奋斗。只要付出努力，成功便触手可及，无论是事业、财运还是感情，都将收获满满的成果。|今日运势极佳，仿佛被幸运之神紧紧拥抱，所行之事皆能轻松达成目标。工作上，创新的想法和方案得到广泛认可，推动行业发展，获得极高的赞誉和地位；学习上，达到融会贯通的境界，轻松应对各种挑战，成绩遥遥领先。财运亨通，投资收益惊人，财富源源不断地积累。爱情甜蜜美满，与爱人相互扶持，共同创造幸福未来；单身者也会邂逅美好的爱情。​
5|顺意满人间，福泽润心田，把握好时光，精彩永相连|签文表示当下万事顺遂，福气满满。需珍惜这大好时光，用心感受生活，积极把握每一个机会，便能让精彩与美好持续相伴，收获充实而幸福的人生。|今日运势非凡，生活中处处充满惊喜与美好。工作学习游刃有余，新的项目和挑战都能轻松应对，还能获得领导和同事的高度认可；学习上更是突飞猛进，成为众人学习的榜样。财运旺盛，各种赚钱机会主动找上门，财富持续增长。感情甜蜜稳定，与伴侣相互欣赏，共同进步；单身者也会在社交场合大放异彩，吸引到优秀异性的青睐。​
5|幸运如繁花，绽放满生涯，积极勇开拓，成就展风华|此签象征幸运如同繁花般在人生道路上处处绽放。应保持积极向上的态度，勇于开拓创新，大胆追求梦想，如此便能充分展现个人风采，在各个领域取得辉煌成就，收获丰硕果实。|今日运气绝佳，仿佛踏入了幸运的花园，处处都有美好的事物等待发现。工作上，能够提出极具创意的方案，推动团队和公司发展，有望获得晋升和丰厚奖励；学习上，灵感不断，对知识的掌握达到新的高度。财运一路飙升，投资收益翻倍，还会有意外的财富惊喜。爱情浪漫甜蜜，与爱人共度美好时光；单身者也会迎来浪漫邂逅，开启甜蜜恋爱之旅。​
6|祥瑞满天际，机遇似繁星，大胆去追逐，巅峰任我行|签意指出当下祥瑞之气弥漫，机遇如同夜空中的繁星般众多。应大胆勇敢地去追逐心中所想，凭借自身的能力和勇气，便能攀登事业和人生的巅峰，实现宏伟目标。|今日运势如虹，仿佛受到上天的特别眷顾，各种机遇纷纷涌现。事业上，有机会参与重大项目，与行业顶尖人才合作，展现自己的才华和能力，有望成为行业领军人物；学习上，对知识的领悟力超强，考试成绩优异。财运极佳，投资眼光精准，无论是股票、基金还是创业投资，都能获得丰厚回报。爱情甜蜜美满，与伴侣相互理解、相互支持；单身者也会在社交活动中结识到优秀的异性，收获美好的爱情。​
6|福运如江河，滔滔永不竭，坚定向前行，辉煌铸伟业|此签寓意福运如同江河之水，源源不断，永不停歇。只要坚定信念，朝着目标勇往直前，便能凭借这份好运和自身努力，铸就辉煌的事业，收获巨大的成功和荣耀，书写人生的壮丽篇章。|今日运势超强，福运满满，无论做什么都能事半功倍。工作中，能够带领团队攻克一个又一个难关，创造出令人瞩目的业绩，赢得广泛赞誉；学习上，进步飞速，能够轻松掌握复杂的知识和技能。财运亨通，不仅正财稳定，偏财也十分旺盛，有机会获得意外之财。爱情甜蜜浪漫，与爱人的感情愈发深厚；单身者也会遇到心仪的对象，开启一段浪漫的恋情。​
6|吉兆频频现，好运不间断，智慧加努力，成功在眼前|签文表明当下吉祥的征兆不断出现，好运持续降临。此时只需运用智慧，付出努力，积极行动，成功便触手可及，无论是在事业、学业还是生活的其他方面，都将取得令人满意的成果。|今日运势大好，生活中充满了积极的信号和机遇。工作上，能够得到领导的赏识和重用，有机会担任重要职务，实现职业梦想；学习上，思维敏捷，学习效率极高，能够在考试和竞赛中脱颖而出。财运良好，投资理财收益可观，还会有一些意外的收入。爱情甜蜜温馨，与伴侣相互关心、相互爱护；单身者也会在朋友的介绍下，结识到合适的人，收获爱情。​
6|幸运伴身旁，机遇握手中，拼搏创奇迹，荣耀永流传|此签象征幸运时刻陪伴在身边，且机遇众多。只要敢于拼搏，勇于挑战，充分发挥自己的潜力，就能创造出令人惊叹的奇迹，收获无尽的荣耀，让自己的成就被他人铭记和传颂，成为人生的传奇。|今日运势绝佳，仿佛拥有了幸运的护身符，一切事情都进展得十分顺利。事业上，能够大胆创新，开拓新的市场和领域，带领公司走向辉煌；学习上，成绩优异，能够获得各种奖项和荣誉。财运旺盛，财富不断积累，实现财务自由指日可待。爱情甜蜜幸福，与爱人携手共进，共同规划美好的未来；单身者也会在一次偶然的机会中，遇到命中注定的那个人，开启幸福人生。​
6|鸿运当头照，前程似锦绣，积极展宏图，幸福永长久|签意预示着鸿运当头，未来的前程如同绚丽的锦绣般美好。应积极主动地规划和实施自己的宏伟蓝图，充分利用当前的好运和自身优势，便能收获长久的幸福，让人生充满光彩和喜悦。|今日运势非凡，好运连连，未来充满了无限的可能性和希望。工作上，能够得到贵人相助，事业发展一帆风顺，有望实现自己的职业理想；学习上，进步显著，能够在学术领域取得一定的成就。财运亨通，投资的项目都能获得丰厚的回报，财富快速增长。爱情甜蜜浪漫，与爱人的感情更加深厚；单身者也会在一次旅行中，邂逅心仪的对象，开启浪漫的爱情之旅。​
7|天命眷顾时，万事皆顺遂，纵横天地间，成就震乾坤|签文表示当下受天命眷顾，无论何事都能顺利达成。此时可尽情在天地间施展才华，纵横驰骋，凭借这份好运和自身实力，必将取得震撼天地的伟大成就，成为众人敬仰的存在。|今日运势达到巅峰，仿佛成为了命运的宠儿，一切皆在掌控之中。事业上，能够引领行业潮流，推出具有划时代意义的产品或服务，改变整个行业格局；学习上，达到了登峰造极的境界，成为学术界的权威人物。财运逆天，财富如潮水般涌来，成为富可敌国的大亨。爱情甜蜜美满，与爱人的感情坚如磐石，共同书写浪漫传奇；单身者也会遇到完美的另一半，开启幸福美满的人生。​
7|祥瑞满乾坤，机遇遍四方，勇毅向前闯，荣耀照八荒|此签寓意祥瑞之气弥漫整个天地，机遇遍布四面八方。应拿出勇毅果敢的精神，大胆地去闯荡、去拼搏，如此便能收获无上的荣耀，让自己的光芒照亮八方，成为众人瞩目的焦点，在人生舞台上绽放耀眼光彩。|今日运势超强无敌，好运如影随形，无论走到哪里都能遇到机遇。工作中，能够带领团队在国际舞台上大展拳脚，取得举世瞩目的成就；学习上，对知识的掌握达到了融会贯通、举一反三的境界。财运亨通无比，投资的项目遍布全球，收益惊人。爱情甜蜜浪漫，与爱人携手环游世界，享受美好人生；单身者也会在一次国际交流活动中，结识到来自异国的心仪对象，开启跨国恋情。​
7|吉运贯长空，好运永无穷，奋进创辉煌，威名传九重|签文表明吉运贯穿长空，好运无穷无尽。只要坚持不懈地奋进，积极努力地追求目标，就能创造出辉煌的成就，让自己的威名传遍天下，成为众人敬仰和传颂的传奇人物，在历史长河中留下浓墨重彩的一笔。|今日运势登峰造极，仿佛拥有了无尽的好运，做任何事情都能轻松成功。事业上，能够建立起庞大的商业帝国，成为商界巨擘；学习上，能够在多个领域取得重大突破，推动科学技术的发展。财运旺盛到令人惊叹，财富积累速度超乎想象。爱情甜蜜幸福，与爱人相互扶持，共同走向人生巅峰；单身者也会在一次高端社交活动中，遇到灵魂伴侣，开启幸福美满的生活。​
7|幸运耀苍穹，机遇如潮涌，果敢展宏图，辉煌映日月|此签象征幸运闪耀苍穹，机遇如潮水般汹涌而来。此时应果断勇敢地施展自己的宏伟蓝图，充分利用这些机遇，努力拼搏奋斗，便能创造出辉煌灿烂的成就，让自己的光芒如同日月般耀眼夺目，在人生的天空中熠熠生辉。|今日运势极佳，幸运之神全力庇佑，各种机遇不断涌现。工作上，能够开拓全新的市场领域，带领公司实现跨越式发展，成为行业的领军企业；学习上，能够在学术研究上取得重大成果，获得国际认可。财运逆天，投资回报率极高，财富呈指数级增长。爱情甜蜜浪漫，与爱人共同创造美好未来；单身者也会在一次偶然的机遇中，遇到命中注定的那个人，开启浪漫甜蜜的爱情之旅。​
7|鸿运贯九霄，前程无限好，拼搏铸传奇，幸福永围绕|签意预示鸿运直达九霄，未来的前程一片光明，美好无限。只要勇于拼搏奋斗，就能铸就属于自己的传奇故事，收获无尽的幸福，让幸运和美好时刻围绕在身边，享受精彩绝伦的人生。|今日运势超凡入圣，好运连连不断，未来充满了无限的可能和希望。事业上，能够在多个领域取得卓越成就，成为行业的标杆和榜样；学习上，能够突破传统思维，在学术研究上取得创新性成果。财运亨通，财富源源不断，实现财富自由。爱情甜蜜美满，与爱人相互陪伴，共同度过美好时光；单身者也会在一次特别的活动中，遇到心仪的对象，开启幸福人生新篇章。​
8|天运眷顾至，万事皆亨通，纵横捭阖间，霸业定乾坤|签文表示天运降临，得到上天的特别眷顾，此时万事都极为顺利，畅通无阻。在人生的舞台上，可尽情施展谋略与才华，纵横捭阖，轻松成就一番霸业，掌控乾坤，成为引领时代的风云人物。|今日运势堪称神话级别，仿佛被命运之神亲自选中，所行之事皆能心想事成。事业上，能够整合各方资源，建立起庞大的商业帝国，成为全球商业领袖；学习上，能够在多个学科领域取得开创性的研究成果，推动人类知识的进步。财运无可匹敌，财富以惊人的速度增长，成为世界首富。爱情甜蜜浪漫，与爱人携手并肩，共同书写传奇人生；单身者也会遇到完美契合的灵魂伴侣，开启幸福美满的生活。​
8|祥瑞耀天地，机遇满人间，睿智加胆识，辉煌照万年|此签寓意祥瑞光芒照耀天地，机遇遍布人间各处。凭借自身的睿智和胆识，充分把握这些机遇，积极行动，就能创造出辉煌的成就，让这份荣耀和光辉照亮万年，成为后世敬仰和学习的典范，在历史的长河中留下不朽的功绩。|今日运势超凡卓越，好运如璀璨星辰般闪耀，机遇多得让人应接不暇。工作中，能够凭借敏锐的商业眼光和果断的决策能力，抓住每一个商机，让企业迅速发展壮大；学习上，能够突破学术瓶颈，取得重大理论突破。财运逆天，投资的每一个项目都能获得巨额回报，财富积累达到天文数字。爱情甜蜜幸福，与爱人相互欣赏，共同进步；单身者也会在一次高端的国际会议中，邂逅心仪的对象，开启浪漫的跨国恋情。​
8|吉运满乾坤，好运永相随，奋进不止步，威名震四方|签文表明吉运充盈整个天地，好运将永远伴随左右。只要保持奋进的姿态，永不停歇地追求目标，就能不断提升自己的实力和影响力，让自己的威名传遍四方，成为众人敬仰和畏惧的强者，在人生的道路上创造一个又一个奇迹。|今日运势登峰造极，仿佛拥有了无尽的好运和力量，无论面对何种挑战都能轻松应对。事业上，能够带领团队在全球范围内开展业务，成为行业的绝对领导者；学习上，能够在多个领域成为顶尖专家，引领学术潮流。财运旺盛到难以想象，财富如同滚雪球般越滚越大。爱情甜蜜美满，与爱人相互扶持，共同攀登人生高峰；单身者也会在一次全球旅行中，遇到命中注定的那个人，开启幸福浪漫的人生之旅。​
8|幸运照九霄，机遇似繁星，果敢展才华，荣耀传千古|此签象征幸运之光普照九霄，机遇如同夜空中的繁星般数不胜数。此时应果断勇敢地展现自己的才华和能力，充分利用这些机遇，努力拼搏奋斗，便能收获无上的荣耀，让自己的名字和成就流传千古，成为历史长河中的璀璨明星，被后人铭记和传颂。|今日运势极佳，幸运之神全力加持，各种机遇纷纷降临。工作上，能够推出具有革命性的产品或服务，改变人们的生活方式，成为行业的革新者；学习上，能够在学术研究上取得重大突破，获得国际大奖。财运逆天，投资收益惊人，财富快速积累。爱情甜蜜浪漫，与爱人共同创造美好未来；单身者也会在一次国际文化交流活动中，遇到心仪的对象，开启浪漫甜蜜的爱情之旅。​
8|鸿运耀长空，前程似锦程，拼搏创伟业，幸福永相伴|签意预示鸿运闪耀长空，未来的前程如同绚丽多彩的锦绣之路。只要坚持不懈地拼搏奋斗，就能创造出伟大的事业，实现自己的人生价值，收获无尽的幸福，让幸运和美好永远陪伴在身边，享受充实而又美满的人生。|今日运势超凡入圣，好运连连不断，未来充满了无限的希望和可能。事业上，能够在多个领域取得卓越成就，成为行业的领军人物；学习上，能够在学术研究上取得创新性成果，推动学科发展。财运亨通，财富源源不断，实现财务自由。爱情甜蜜美满，与爱人相互陪伴，共同度过美好时光；单身者也会在一次特别的社交活动中，遇到心仪的对象，开启幸福人生新篇章。
9|天命垂青时，万物皆助力，运筹帷幄间，巅峰任驰骋|此签昭示你正受天命眷顾，世间万物皆为助力。此时只需从容谋划、果敢决策，便能在人生各领域自由驰骋，轻松登顶巅峰，成为引领时代的传奇人物。|今日运势堪称神级，仿佛得到宇宙的全力加持，无论事业、财运还是情感，皆能心想事成。工作中，凭借超凡智慧与谋略，可轻松整合全球资源，打造商业帝国；学习上，在多学科领域实现重大突破，推动行业变革。财运无可估量，财富呈爆炸式增长。爱情浪漫甜蜜，与爱人携手共赴人生巅峰；单身者也将邂逅灵魂伴侣，开启幸福新篇章。​
9|祥瑞满宇宙，机遇遍星河，雄才兼大略，辉煌耀千秋|签意表明祥瑞之气充盈宇宙，机遇如星河般浩瀚。凭借你的雄才大略，积极把握机遇，定能创造出光照千秋的辉煌成就，成为被后世永远铭记的传奇。|今日运势超凡绝伦，好运如汹涌浪潮席卷而来。职场上，敏锐捕捉每个商机，带领企业在国际市场独占鳌头；学术研究中，不断取得开创性成果，改写行业认知。财运逆天，投资项目个个收益惊人，财富积累速度超乎想象。感情上，与伴侣恩爱有加，共同书写浪漫传奇；单身者也将在高端社交场合邂逅良缘。​
9|吉运贯宇宙，好运永无疆，奋进不停息，威名传万代|此签寓意吉运贯穿宇宙，好运无穷无尽。持续奋进、永不止步，你的实力与威名将传遍万代，成为令人敬仰的存在。|今日运势登峰造极，无论面对何种挑战，都能轻松化解并转化为机遇。事业上，不断开拓新领域，成为行业标杆；学习中，对知识的掌握达到登峰造极的境界。财运旺盛，财富如流水般涌入。爱情美满，与爱人相互扶持，共赏人生风景；单身者也将迎来命中注定的爱情，开启甜蜜之旅。​
9|鸿运破九霄，良机似潮涌，智勇双全展，荣耀刻青史|签文预示鸿运冲破九霄，大量良机如潮水般涌来。凭借你的智慧与勇气，尽情施展才华，必将收获无上荣耀，在历史长河中留下浓墨重彩的一笔。|今日运势势不可挡，仿佛拥有幸运的魔法，事事皆能顺遂。工作中，创新成果备受瞩目，引领行业潮流；学习上，成绩遥遥领先，成为众人学习的榜样。财运极佳，投资收益屡创新高。爱情甜蜜幸福，与爱人携手共创美好未来；单身者也将在一次特别的邂逅中，遇见真爱。​
9|福泽漫天际，机遇满乾坤，拼搏创奇迹，佳话永流传|此签表示福泽弥漫天际，机遇遍布乾坤。努力拼搏，你将创造奇迹，你的故事也将成为被人们传颂的佳话。|今日运势堪称传奇，无论做任何事都如有神助。事业上，不断突破自我，取得非凡成就；学习中，知识融会贯通，成为领域专家。财运亨通，财富源源不断。爱情浪漫温馨，与爱人相互陪伴，共享人生喜悦；单身者也将在一次旅行中，邂逅心仪之人，开启浪漫爱情。​
10|天赐鸿运至，万事皆顺遂，纵横天地间，传奇永留名|签文意味着天赐鸿运降临，万事皆能顺遂无忧。你可在天地间肆意纵横，书写属于自己的不朽传奇，名字永远被世人铭记。|今日运势达到神话级别，堪称天选之人。事业上，以雷霆之势开拓全球市场，成为行业霸主；学习上，在多个领域取得革命性成果，推动人类文明进步。财运富可敌国，掌控全球经济命脉。爱情甜蜜圆满，与爱人携手走过一生；单身者也将遇见完美契合的另一半，开启幸福人生。​
10|吉兆耀寰宇，机遇聚一身，雄图大展时，辉煌照千古|此签表明吉兆闪耀寰宇，所有机遇汇聚于你一身。大展宏图之际，必将创造出光照千古的辉煌成就。|今日运势无与伦比，好运爆棚。职场上，带领团队不断创新，改变世界格局；学术研究中，取得重大理论突破，震惊全球。财运逆天，财富积累速度打破纪录。感情上，与伴侣恩爱不渝，令人艳羡；单身者也将在一次国际活动中，邂逅灵魂伴侣，开启浪漫跨国恋情。​
10|鸿运贯日月，福运满乾坤，奋力向前行，威名震八荒|签文预示鸿运贯穿日月，福运充盈乾坤。奋勇前行，你的威名将震动八方，成为传奇般的存在。|今日运势超凡入圣，所行之事皆能达到极致。事业上，打造庞大商业帝国，影响全球；学习上，成为学界泰斗，引领学术潮流。财运无可匹敌，财富多到难以估量。爱情美满幸福，与爱人相伴一生；单身者也将在一次偶然机遇中，遇到命中注定的真爱。​
10|天运眷顾极，机遇皆把握，拼搏创伟业，荣耀传万世|此签表示天运眷顾达到极致，所有机遇都能被你牢牢把握。拼搏奋斗，定能创造伟大事业，荣耀流传万世。|今日运势堪称无敌，仿佛站在命运的制高点。工作中，创新成果不断涌现，推动行业变革；学习上，知识储备丰富，成为权威专家。财运亨通，投资收益惊人。爱情甜蜜浪漫，与爱人共同创造美好生活；单身者也将在一次社交聚会中，遇见心仪之人，开启幸福旅程。​
10|祥瑞满太虚，福运永相随，全力展风采，传奇永闪耀|签文寓意祥瑞充满宇宙，福运永远相伴。全力展现你的风采，必将书写永恒闪耀的传奇。|今日运势登峰造极，好运如影随形。事业上，成为行业领袖，引领发展方向；学习上，在学术领域取得卓越成就。财运源源不断，实现财富自由。爱情甜蜜长久，与爱人共度一生；单身者也将在一次特别的经历中，邂逅美好爱情，开启幸福人生新篇章。